month,riders
1973/1/1,648
1973/2/1,646
1973/3/1,639
1973/4/1,654
1973/5/1,630
1973/6/1,622
1973/7/1,617
1973/8/1,613
1973/9/1,661
1973/10/1,695
1973/11/1,690
1973/12/1,707
1974/1/1,817
1974/2/1,839
1974/3/1,810
1974/4/1,789
1974/5/1,760
1974/6/1,724
1974/7/1,704
1974/8/1,691
1974/9/1,745
1974/10/1,803
1974/11/1,780
1974/12/1,761
1975/1/1,857
1975/2/1,907
1975/3/1,873
1975/4/1,910
1975/5/1,900
1975/6/1,880
1975/7/1,867
1975/8/1,854
1975/9/1,928
1975/10/1,1064
1975/11/1,1103
1975/12/1,1026
1976/1/1,1102
1976/2/1,1080
1976/3/1,1034
1976/4/1,1083
1976/5/1,1078
1976/6/1,1020
1976/7/1,984
1976/8/1,952
1976/9/1,1033
1976/10/1,1114
1976/11/1,1160
1976/12/1,1058
1977/1/1,1209
1977/2/1,1200
1977/3/1,1130
1977/4/1,1182
1977/5/1,1152
1977/6/1,1116
1977/7/1,1098
1977/8/1,1044
1977/9/1,1142
1977/10/1,1222
1977/11/1,1234
1977/12/1,1155
1978/1/1,1286
1978/2/1,1281
1978/3/1,1224
1978/4/1,1280
1978/5/1,1228
1978/6/1,1181
1978/7/1,1156
1978/8/1,1124
1978/9/1,1152
1978/10/1,1205
1978/11/1,1260
1978/12/1,1188
1979/1/1,1212
1979/2/1,1269
1979/3/1,1246
1979/4/1,1299
1979/5/1,1284
1979/6/1,1345
1979/7/1,1341
1979/8/1,1308
1979/9/1,1448
1979/10/1,1454
1979/11/1,1467
1979/12/1,1431
1980/1/1,1510
1980/2/1,1558
1980/3/1,1536
1980/4/1,1523
1980/5/1,1492
1980/6/1,1437
1980/7/1,1365
1980/8/1,1310
1980/9/1,1441
1980/10/1,1450
1980/11/1,1424
1980/12/1,1360
1981/1/1,1429
1981/2/1,1440
1981/3/1,1414
1981/4/1,1424
1981/5/1,1408
1981/6/1,1337
1981/7/1,1258
1981/8/1,1214
1981/9/1,1326
1981/10/1,1417
1981/11/1,1417
1981/12/1,1329
1982/1/1,1461
1982/2/1,1425
1982/3/1,1419
1982/4/1,1432
1982/5/1,1394
1982/6/1,1327
